160532,SN 405453 STA.1
160533,SN 405453 STA.2
102422,SN 405743 STA.1
102423,SN 405743 STA.2
102424,SN 406077 STA.1
102425,SN 406077 STA.2
102426,SN 406078 STA.1
102427,SN 406078 STA.2
102428,SN 406079 STA.1
102429,SN 406079 STA.2
102430,SN 406080 STA.1
102431,SN 406080 STA.2
102432,SN 406081 STA.1
102433,SN 406081 STA.2
102434,SN 406082 STA.1
102435,SN 406082 STA.2
102436,SN 406083 STA.1
102437,SN 406083 STA.2
102438,SN 406084 STA.1
102439,SN 406084 STA.2
102440,SN 406091 STA.1
102441,SN 406091 STA.2
102442,SN 406092 STA.1
102443,SN 406092 STA.2
102444,SN 406093 STA.1
102445,SN 406093 STA.2
102446,SN 406094 STA.1
102447,SN 406094 STA.2
102448,SN 406095 STA.1
102449,SN 406095 STA.2
102450,SN 406096 STA.1
102451,SN 406096 STA.2
102452,SN 406097 STA.1
102453,SN 406097 STA.2
102454,SN 406098 STA.1
102455,SN 406098 STA.2
102456,SN 406111 STA.1
102457,SN 406111 STA.2
102458,SN 406112 STA.1
102459,SN 406112 STA.2
102460,SN 406113 STA.1
102461,SN 406113 STA.2
102462,SN 406114 STA.1
102463,SN 406114 STA.2
102464,SN 406115 STA.1
102465,SN 406115 STA.2
102466,SN 406116 STA.1
102467,SN 406116 STA.2
102468,SN 406117 STA.1
102469,SN 406117 STA.2
102470,SN 406118 STA.1
102471,SN 406118 STA.2
102472,SN 406201 STA.1
102473,SN 406201 STA.2
102474,SN 406202 STA.1
102475,SN 406202 STA.2
102476,SN 406203 STA.1
102477,SN 406203 STA.2
102478,SN 406204 STA.1
102479,SN 406204 STA.2
102480,SN 406205 STA.1
102481,SN 406205 STA.2
102482,SN 406206 STA.1
102483,SN 406206 STA.2
102484,SN 406207 STA.1
102485,SN 406207 STA.2
102486,SN 406208 STA.1
102487,SN 406208 STA.2
102488,SN 406310 STA.1
102489,SN 406310 STA.2
102490,SN 406311 STA.1
102491,SN 406311 STA.2
102492,SN 406312 STA.1
102493,SN 406312 STA.2
102494,SN 406313 STA.1
102495,SN 406313 STA.2
102496,SN 406314 STA.1
102497,SN 406314 STA.2
102498,SN 406315 STA.1
102499,SN 406315 STA.2
102500,SN 406316 STA.1
102501,SN 406316 STA.2
102502,SN 406317 STA.1
102503,SN 406317 STA.2
102504,SN 406457 STA.1
102505,SN 406457 STA.2
102506,SN 406458 STA.1
102507,SN 406458 STA.2
102508,SN 406459 STA.1
102509,SN 406459 STA.2
102510,SN 406460 STA.1
102511,SN 406460 STA.2
102512,SN 406461 STA.1
102513,SN 406461 STA.2
102514,SN 406462 STA.1
102515,SN 406462 STA.2
102516,SN 406463 STA.1
102517,SN 406463 STA.2
102518,SN 406721 STA.1
102519,SN 406721 STA.2
102520,SN 406722 STA.1
102521,SN 406722 STA.2
102522,SN 406723 STA.1
102523,SN 406723 STA.2
102524,SN 406724 STA.1
102525,SN 406724 STA.2
102526,SN 406725 STA.1
102527,SN 406725 STA.2
102528,SN 406726 STA.1
102529,SN 406726 STA.2
102530,SN 406727 STA.1
102531,SN 406727 STA.2
102532,SN 406728 STA.1
102533,SN 406728 STA.2
102534,SN 406729 STA.1
102535,SN 406729 STA.2
102536,SN 406730 STA.1
102537,SN 406730 STA.2
102538,SN 406731 STA.1
102539,SN 406731 STA.2
102540,SN 406732 STA.1
102541,SN 406732 STA.2
102542,SN 406733 STA.1
102543,SN 406733 STA.2
102544,SN 406734 STA.1
102545,SN 406734 STA.2
102546,SN 406735 STA.1
102547,SN 406735 STA.2
102548,SN 406736 STA.1
102549,SN 406736 STA.2
102550,SN 406793 STA.1
102551,SN 406793 STA.2
102552,SN 406794 STA.1
102553,SN 406794 STA.2
102554,SN 406795 STA.1
102555,SN 406795 STA.2
102556,SN 406796 STA.1
102557,SN 406796 STA.2
102558,SN 406797 STA.1
102559,SN 406797 STA.2
102560,SN 406798 STA.1
102561,SN 406798 STA.2
102562,SN 406799 STA.1
102563,SN 406799 STA.2
102564,SN 406800 STA.1
102565,SN 406800 STA.2
102566,SN 406881 STA.1
102567,SN 406881 STA.2
102568,SN 406882 STA.1
102569,SN 406882 STA.2
102570,SN 406883 STA.1
102571,SN 406883 STA.2
102572,SN 406884 STA.1
102573,SN 406884 STA.2
102574,SN 406885 STA.1
102575,SN 406885 STA.2
102576,SN 406886 STA.1
102577,SN 406886 STA.2
102578,SN 406887 STA.1
102579,SN 406887 STA.2
102580,SN 406888 STA.1
102581,SN 406888 STA.2
102582,SN 406911 STA.1
102583,SN 406911 STA.2
102584,SN 406912 STA.1
102585,SN 406912 STA.2
102586,SN 406913 STA.1
102587,SN 406913 STA.2
102588,SN 406914 STA.1
102589,SN 406914 STA.2
102590,SN 406915 STA.1
102591,SN 406915 STA.2
102592,SN 406916 STA.1
102593,SN 406916 STA.2
102594,SN 406917 STA.1
102595,SN 406917 STA.2
102596,SN 406918 STA.1
102597,SN 406918 STA.2
102598,SN 407001 STA.1
102599,SN 407001 STA.2
102600,SN 407002 STA.1
102601,SN 407002 STA.2
102602,SN 407003 STA.1
102603,SN 407003 STA.2
102604,SN 407004 STA.1
102605,SN 407004 STA.2
102606,SN 407005 STA.1
102607,SN 407005 STA.2
102608,SN 407007 STA.1
102609,SN 407007 STA.2
102610,SN 407008 STA.1
102611,SN 407008 STA.2
102613,SN 405453 STA.1
102614,SN 405453 STA.2
102615,SN 405743 STA.1
102616,SN 405743 STA.2
102617,SN 406077 STA.1
102618,SN 406077 STA.2
102619,SN 406078 STA.1
102620,SN 406078 STA.2
102621,SN 406079 STA.1
102622,SN 406079 STA.2
102623,SN 406080 STA.1
102624,SN 406080 STA.2
102625,SN 406081 STA.1
102626,SN 406081 STA.2
102627,SN 406082 STA.1
102628,SN 406082 STA.2
102629,SN 406083 STA.1
102630,SN 406083 STA.2
102631,SN 406084 STA.1
102632,SN 406084 STA.2
102633,SN 406091 STA.1
102634,SN 406091 STA.2
102635,SN 406092 STA.1
102636,SN 406092 STA.2
102637,SN 406093 STA.1
102638,SN 406093 STA.2
102639,SN 406094 STA.1
102640,SN 406094 STA.2
102641,SN 406095 STA.1
102642,SN 406095 STA.2
102643,SN 406096 STA.1
102644,SN 406096 STA.2
102645,SN 406097 STA.1
102646,SN 406097 STA.2
102647,SN 406098 STA.1
102648,SN 406098 STA.2
102649,SN 406111 STA.1
102650,SN 406111 STA.2
102651,SN 406112 STA.1
102652,SN 406112 STA.2
102653,SN 406112 STA.3
102654,SN 406112 STA.4
102655,SN 406113 STA.1
102656,SN 406113 STA.2
102657,SN 406113 STA.3
102658,SN 406113 STA.4
102659,SN 406114 STA.1
102660,SN 406114 STA.2
102661,SN 406114 STA.3
102662,SN 406114 STA.4
102663,SN 406115 STA.1
102664,SN 406115 STA.2
102665,SN 406115 STA.3
102666,SN 406115 STA.4
102667,SN 406116 STA.1
102668,SN 406116 STA.2
102669,SN 406116 STA.3
102670,SN 406116 STA.4
102671,SN 406117 STA.1
102672,SN 406117 STA.2
102673,SN 406117 STA.3
102674,SN 406117 STA.4
102675,SN 406118 STA.1
102676,SN 406118 STA.2
102677,SN 406118 STA.3
102678,SN 406118 STA.4
102679,SN 406201 STA.1
102680,SN 406201 STA.2
102681,SN 406201 STA.3
102682,SN 406201 STA.4
102683,SN 406202 STA.1
102684,SN 406202 STA.2
102685,SN 406202 STA.3
102686,SN 406202 STA.4
102687,SN 406203 STA.1
102688,SN 406203 STA.2
102689,SN 406203 STA.3
102690,SN 406203 STA.4
102691,SN 406204 STA.1
102692,SN 406204 STA.2
102693,SN 406204 STA.3
102694,SN 406204 STA.4
102695,SN 406205 STA.1
102696,SN 406205 STA.2
102697,SN 406205 STA.3
102698,SN 406205 STA.4
102699,SN 406206 STA.1
102700,SN 406206 STA.2
102701,SN 406206 STA.3
102702,SN 406206 STA.4
102703,SN 406207 STA.1
102704,SN 406207 STA.2
102705,SN 406207 STA.3
102706,SN 406207 STA.4
102707,SN 406208 STA.1
102708,SN 406208 STA.2
102709,SN 406208 STA.3
102710,SN 406208 STA.4
102711,SN 406310 STA.1
102712,SN 406310 STA.2
102713,SN 406310 STA.3
102714,SN 406310 STA.4
102715,SN 406311 STA.1
102716,SN 406311 STA.2
102717,SN 406311 STA.3
102718,SN 406311 STA.4
102719,SN 406312 STA.1
102720,SN 406312 STA.2
102721,SN 406312 STA.3
102722,SN 406312 STA.4
102723,SN 406313 STA.1
102724,SN 406313 STA.2
102725,SN 406313 STA.3
102726,SN 406313 STA.4
102727,SN 406314 STA.1
102728,SN 406314 STA.2
102729,SN 406314 STA.3
102730,SN 406314 STA.4
102731,SN 406315 STA.1
102732,SN 406315 STA.2
102733,SN 406315 STA.3
102734,SN 406315 STA.4
102735,SN 406316 STA.1
102736,SN 406316 STA.2
102737,SN 406317 STA.1
102738,SN 406317 STA.2
102739,SN 406457 STA.1
102740,SN 406457 STA.2
102741,SN 406458 STA.1
102742,SN 406458 STA.2
102743,SN 406459 STA.1
102744,SN 406459 STA.2
102745,SN 406460 STA.1
102746,SN 406460 STA.2
102747,SN 406461 STA.1
102748,SN 406461 STA.2
102749,SN 406462 STA.1
102750,SN 406462 STA.2
102751,SN 406463 STA.1
102752,SN 406463 STA.2
102753,SN 406721 STA.1
102754,SN 406721 STA.2
102755,SN 406721 STA.3
102756,SN 406721 STA.4
102757,SN 406722 STA.1
102758,SN 406722 STA.2
102759,SN 406722 STA.3
102760,SN 406722 STA.4
102761,SN 406723 STA.1
102762,SN 406723 STA.2
102763,SN 406723 STA.3
102764,SN 406723 STA.4
102765,SN 406724 STA.1
102766,SN 406724 STA.2
102767,SN 406724 STA.3
102768,SN 406724 STA.4
102769,SN 406725 STA.1
102770,SN 406725 STA.2
102771,SN 406725 STA.3
102772,SN 406725 STA.4
102773,SN 406726 STA.1
102774,SN 406726 STA.2
102775,SN 406726 STA.3
102776,SN 406726 STA.4
102777,SN 406727 STA.1
102778,SN 406727 STA.2
102779,SN 406727 STA.3
102780,SN 406727 STA.4
102781,SN 406728 STA.1
102782,SN 406728 STA.2
102783,SN 406728 STA.3
102784,SN 406728 STA.4
102785,SN 406729 STA.1
102786,SN 406729 STA.2
102787,SN 406729 STA.3
102788,SN 406729 STA.4
102789,SN 406730 STA.1
102790,SN 406730 STA.2
102791,SN 406730 STA.3
102792,SN 406730 STA.4
102793,SN 406731 STA.1
102794,SN 406731 STA.2
102795,SN 406731 STA.3
102796,SN 406731 STA.4
102797,SN 406732 STA.1
102798,SN 406732 STA.2
102799,SN 406732 STA.3
102800,SN 406732 STA.4
102801,SN 406733 STA.1
102802,SN 406733 STA.2
102803,SN 406733 STA.3
102804,SN 406733 STA.4
102805,SN 406734 STA.1
102806,SN 406734 STA.2
102807,SN 406734 STA.3
102808,SN 406734 STA.4
102809,SN 406735 STA.1
102810,SN 406735 STA.2
102811,SN 406735 STA.3
102812,SN 406735 STA.4
102813,SN 406736 STA.1
102814,SN 406736 STA.2
102815,SN 406736 STA.3
102816,SN 406736 STA.4
102817,SN 406793 STA.1
102818,SN 406793 STA.2
102819,SN 406793 STA.3
102820,SN 406793 STA.4
102821,SN 406794 STA.1
102822,SN 406794 STA.2
102823,SN 406794 STA.3
102824,SN 406794 STA.4
102825,SN 406795 STA.1
102826,SN 406795 STA.2
102827,SN 406795 STA.3
102828,SN 406795 STA.4
102829,SN 406796 STA.1
102830,SN 406796 STA.2
102831,SN 406796 STA.3
102832,SN 406796 STA.4
102833,SN 406797 STA.1
102834,SN 406797 STA.2
102835,SN 406797 STA.3
102836,SN 406797 STA.4
102837,SN 406798 STA.1
102838,SN 406798 STA.2
102839,SN 406798 STA.3
102840,SN 406798 STA.4
102841,SN 406799 STA.1
102842,SN 406799 STA.2
102843,SN 406799 STA.3
102844,SN 406799 STA.4
102845,SN 406800 STA.1
102846,SN 406800 STA.2
102847,SN 406800 STA.3
102848,SN 406800 STA.4
102849,SN 406881 STA.1
102850,SN 406881 STA.2
102851,SN 406881 STA.3
102852,SN 406881 STA.4
102853,SN 406882 STA.1
102854,SN 406882 STA.2
102855,SN 406882 STA.3
102856,SN 406882 STA.4
102857,SN 406883 STA.1
102858,SN 406883 STA.2
102859,SN 406883 STA.3
102860,SN 406883 STA.4
102861,SN 406884 STA.1
102862,SN 406884 STA.2
102863,SN 406884 STA.3
102864,SN 406884 STA.4
102865,SN 406885 STA.1
102866,SN 406885 STA.2
102867,SN 406885 STA.3
102868,SN 406885 STA.4
102869,SN 406886 STA.1
102870,SN 406886 STA.2
102871,SN 406886 STA.3
102872,SN 406886 STA.4
102873,SN 406887 STA.1
102874,SN 406887 STA.2
102875,SN 406887 STA.3
102876,SN 406887 STA.4
102877,SN 406888 STA.1
102878,SN 406888 STA.2
102879,SN 406911 STA.1
102880,SN 406911 STA.2
102881,SN 406911 STA.3
102882,SN 406911 STA.4
102883,SN 406912 STA.1
102884,SN 406912 STA.2
102885,SN 406912 STA.3
102886,SN 406912 STA.4
102887,SN 406913 STA.1
102888,SN 406913 STA.2
102889,SN 406913 STA.3
102890,SN 406913 STA.4
102891,SN 406914 STA.1
102892,SN 406914 STA.2
102893,SN 406915 STA.1
102894,SN 406915 STA.2
102895,SN 406916 STA.1
102896,SN 406916 STA.2
102897,SN 406917 STA.1
102898,SN 406917 STA.2
102899,SN 406918 STA.1
102900,SN 406918 STA.2
102901,SN 407001 STA.1
102902,SN 407001 STA.2
102903,SN 407002 STA.1
102904,SN 407002 STA.2
102905,SN 407003 STA.1
102906,SN 407003 STA.2
102907,SN 407004 STA.1
102908,SN 407004 STA.2
102909,SN 407005 STA.1
102910,SN 407005 STA.2
102911,SN 407007 STA.1
102912,SN 407007 STA.2
102913,SN 407008 STA.1
102914,SN 407008 STA.2